motion_name,SG ASL Disapprove Alt 2026-8-3 metarig T
pose_name,SG ASL Disapprove Alt 2026-8-3 metarig T P5
export_date,2026-8-3
current_frame,104
frame_budget,15

bone_name,w,x,y,z
spine,0.9921,-0.1258,0.0,-0.0
spine.001,0.9979,0.0646,0.0017,-0.0016
spine.002,0.9968,0.0775,0.0182,0.0007
spine.003,0.9995,-0.0238,-0.02,-0.0084
spine.004,0.98,-0.1992,0.0003,-0.0004
spine.005,0.9876,0.1144,-0.1072,-0.0123
spine.006,0.9716,0.1292,-0.1972,0.0196
face,1.0,0.0,-0.0,0.0
nose,1.0,-0.0,0.0,0.0
nose.001,1.0,-0.0,-0.0,-0.0
nose.002,1.0,0.0,-0.0,-0.0
nose.003,1.0,-0.0,0.0,0.0
nose.004,1.0,0.0,-0.0,-0.0
lip.T.L,1.0,-0.0,0.0,-0.0
lip.T.L.001,1.0,0.0,0.0,0.0
lip.B.L,1.0,0.0,-0.0,-0.0
lip.B.L.001,1.0,-0.0,0.0,-0.0
jaw,1.0,0.0,0.0,0.0
chin,1.0,-0.0,-0.0,0.0
chin.001,1.0,-0.0,-0.0,0.0
ear.L,1.0,0.0,0.0,0.0
ear.L.001,1.0,0.0,-0.0,0.0
ear.L.002,1.0,-0.0,0.0,-0.0
ear.L.003,1.0,0.0,0.0,0.0
ear.L.004,1.0,0.0,-0.0,-0.0
ear.R,1.0,0.0,0.0,-0.0
ear.R.001,1.0,-0.0,-0.0,0.0
ear.R.002,1.0,0.0,0.0,0.0
ear.R.003,1.0,0.0,0.0,0.0
ear.R.004,1.0,-0.0,-0.0,-0.0
lip.T.R,1.0,0.0,-0.0,-0.0
lip.T.R.001,1.0,-0.0,-0.0,0.0
lip.B.R,1.0,0.0,0.0,0.0
lip.B.R.001,1.0,0.0,0.0,0.0
brow.B.L,1.0,0.0,-0.0,0.0
brow.B.L.001,1.0,0.0,0.0,0.0
brow.B.L.002,1.0,0.0,0.0,-0.0
brow.B.L.003,1.0,-0.0,0.0,-0.0
lid.T.L,1.0,0.0,-0.0,0.0
lid.T.L.001,1.0,-0.0,-0.0,0.0
lid.T.L.002,1.0,-0.0,-0.0,0.0
lid.T.L.003,1.0,0.0,0.0,0.0
lid.B.L,1.0,0.0,0.0,-0.0
lid.B.L.001,1.0,-0.0,-0.0,0.0
lid.B.L.002,1.0,-0.0,0.0,0.0
lid.B.L.003,1.0,0.0,-0.0,-0.0
brow.B.R,1.0,0.0,-0.0,0.0
brow.B.R.001,1.0,0.0,0.0,0.0
brow.B.R.002,1.0,-0.0,0.0,-0.0
brow.B.R.003,1.0,-0.0,0.0,-0.0
lid.T.R,1.0,0.0,-0.0,0.0
lid.T.R.001,1.0,0.0,0.0,0.0
lid.T.R.002,1.0,-0.0,-0.0,0.0
lid.T.R.003,1.0,-0.0,0.0,-0.0
lid.B.R,1.0,-0.0,-0.0,0.0
lid.B.R.001,1.0,0.0,-0.0,-0.0
lid.B.R.002,1.0,-0.0,0.0,0.0
lid.B.R.003,1.0,-0.0,0.0,0.0
forehead.L,1.0,-0.0,-0.0,-0.0
forehead.L.001,1.0,0.0,-0.0,0.0
forehead.L.002,1.0,-0.0,-0.0,-0.0
temple.L,1.0,-0.0,0.0,-0.0
jaw.L,1.0,-0.0,0.0,0.0
jaw.L.001,1.0,-0.0,0.0,0.0
chin.L,1.0,-0.0,0.0,-0.0
cheek.B.L,1.0,-0.0,0.0,-0.0
cheek.B.L.001,1.0,0.0,0.0,0.0
brow.T.L,1.0,0.0,0.0,0.0
brow.T.L.001,1.0,-0.0,0.0,-0.0
brow.T.L.002,1.0,-0.0,-0.0,0.0
brow.T.L.003,1.0,-0.0,0.0,0.0
forehead.R,1.0,0.0,-0.0,0.0
forehead.R.001,1.0,0.0,0.0,0.0
forehead.R.002,1.0,0.0,-0.0,0.0
temple.R,1.0,-0.0,0.0,-0.0
jaw.R,1.0,0.0,0.0,0.0
jaw.R.001,1.0,-0.0,0.0,-0.0
chin.R,1.0,0.0,-0.0,-0.0
cheek.B.R,1.0,0.0,-0.0,0.0
cheek.B.R.001,1.0,0.0,0.0,0.0
brow.T.R,1.0,0.0,0.0,-0.0
brow.T.R.001,1.0,0.0,0.0,-0.0
brow.T.R.002,1.0,0.0,0.0,-0.0
brow.T.R.003,1.0,-0.0,0.0,-0.0
eye.L,1.0,-0.0,0.0,0.0
eye.R,1.0,-0.0,0.0,0.0
cheek.T.L,1.0,-0.0,-0.0,-0.0
cheek.T.L.001,1.0,0.0,-0.0,-0.0
nose.L,1.0,-0.0,0.0,-0.0
nose.L.001,1.0,-0.0,0.0,-0.0
cheek.T.R,1.0,0.0,0.0,-0.0
cheek.T.R.001,1.0,-0.0,-0.0,0.0
nose.R,1.0,0.0,-0.0,-0.0
nose.R.001,1.0,0.0,0.0,-0.0
teeth.T,1.0,0.0,-0.0,-0.0
teeth.B,1.0,0.0,-0.0,-0.0
tongue,1.0,0.0,-0.0,-0.0
tongue.001,1.0,-0.0,0.0,0.0
tongue.002,1.0,0.0,-0.0,0.0
shoulder.L,1.0,0.0,0.0,-0.0
upper_arm.L,0.2876,0.4145,0.8544,-0.1242
forearm.L,0.8227,-0.1764,0.0418,0.5389
hand.L,0.8166,0.547,0.1668,-0.0784
palm.01.L,0.711,-0.2669,-0.5638,-0.3246
f_index.01.L,0.9936,-0.106,-0.0385,-0.0027
f_index.02.L,0.9962,-0.086,0.0146,0.0025
f_index.03.L,0.9929,-0.114,0.0078,0.0331
thumb.01.L,0.8561,-0.182,-0.4838,-0.0045
thumb.02.L,0.99,-0.1319,-0.0108,0.0493
thumb.03.L,0.9989,0.0044,-0.0299,0.0367
palm.02.L,0.7267,-0.1701,-0.5757,-0.334
f_middle.01.L,0.9811,-0.1899,-0.022,0.029
f_middle.02.L,0.9919,-0.1201,0.0385,0.0122
f_middle.03.L,0.9979,-0.0584,0.02,0.0202
palm.03.L,0.7337,-0.0853,-0.5745,-0.3525
f_ring.01.L,0.964,-0.2527,0.025,0.0791
f_ring.02.L,0.9968,-0.0742,0.0209,0.0207
f_ring.03.L,0.9861,-0.1566,0.0412,0.0367
palm.04.L,0.7221,0.0036,-0.5884,-0.3638
f_pinky.01.L,0.9288,-0.3172,0.1095,0.1571
f_pinky.02.L,0.9993,-0.032,-0.0005,0.0166
f_pinky.03.L,0.9955,-0.0915,0.0201,0.0147
shoulder.R,1.0,-0.0,0.0,-0.0
upper_arm.R,0.4786,0.3847,-0.7812,0.113
forearm.R,0.7023,-0.1647,-0.0758,-0.6884
hand.R,0.6409,-0.754,-0.1013,-0.1023
palm.01.R,0.7541,0.0693,0.5791,-0.3019
f_index.01.R,0.9904,-0.0659,-0.1024,-0.0653
f_index.02.R,0.9962,-0.086,-0.0146,-0.0025
f_index.03.R,0.9929,-0.1143,-0.0078,-0.0331
thumb.01.R,0.9664,0.1476,0.0258,-0.2088
thumb.02.R,0.9971,0.0541,0.0465,0.0261
thumb.03.R,0.9795,0.1933,0.0541,0.0189
palm.02.R,0.7717,0.1574,0.5397,-0.2974
f_middle.01.R,0.9931,-0.1099,0.0162,-0.0366
f_middle.02.R,0.9918,-0.1213,-0.0384,-0.0122
f_middle.03.R,0.9979,-0.0584,-0.02,-0.0202
palm.03.R,0.7714,0.2421,0.5176,-0.28
f_ring.01.R,0.9437,0.3269,-0.0118,-0.0495
f_ring.02.R,0.7576,0.6519,-0.0284,0.0136
f_ring.03.R,0.863,0.4979,-0.0318,-0.08
palm.04.R,0.7901,0.2862,0.4602,-0.2865
f_pinky.01.R,0.9401,0.3001,-0.0711,-0.1452
f_pinky.02.R,0.7298,0.6834,-0.0105,0.0176
f_pinky.03.R,0.7121,0.6945,0.0394,-0.0948
breast.L,1.0,-0.0,0.0,-0.0
breast.R,1.0,-0.0,0.0,-0.0
pelvis.L,1.0,-0.0,-0.0,-0.0
pelvis.R,1.0,-0.0,0.0,0.0
thigh.L,0.0021,-0.0027,-0.9843,-0.1762
shin.L,0.9953,-0.0898,-0.0366,0.0032
foot.L,0.4572,0.8886,0.0369,-0.003
toe.L,0.9989,-0.0349,-0.032,0.0047
heel.02.L,1.0,0.0,0.0,-0.0
thigh.R,0.0015,-0.0025,0.9843,0.1763
shin.R,0.9953,-0.0899,0.0366,-0.0032
foot.R,0.4573,0.8885,-0.0368,0.0031
toe.R,0.9989,-0.0349,0.032,-0.0047
heel.02.R,1.0,-0.0,0.0,0.0
