motion_name,SG ASL Disapprove Alt 2026-8-3 metarig A
pose_name,SG ASL Disapprove Alt 2026-8-3 metarig A P3
export_date,2026-8-3
current_frame,68
frame_budget,15

bone_name,w,x,y,z
spine,0.9921,-0.1253,-0.004,0.0008
spine.001,0.9979,0.0645,-0.0019,0.0011
spine.002,0.9969,0.0774,0.0167,0.0018
spine.003,0.9995,-0.0238,-0.0217,-0.0074
spine.004,0.98,-0.1992,-0.0006,0.0005
spine.005,0.9928,0.1128,-0.0375,-0.0132
spine.006,0.9896,0.1241,-0.0726,-0.0103
face,1.0,0.0,-0.0,0.0
nose,1.0,-0.0,-0.0,-0.0
nose.001,1.0,-0.0,0.0,0.0
nose.002,1.0,-0.0,-0.0,-0.0
nose.003,1.0,0.0,0.0,-0.0
nose.004,1.0,0.0,-0.0,-0.0
lip.T.L,1.0,-0.0,-0.0,-0.0
lip.T.L.001,1.0,0.0,-0.0,0.0
lip.B.L,1.0,0.0,-0.0,0.0
lip.B.L.001,1.0,-0.0,0.0,-0.0
jaw,1.0,0.0,0.0,0.0
chin,1.0,0.0,0.0,0.0
chin.001,1.0,-0.0,-0.0,0.0
ear.L,1.0,0.0,-0.0,0.0
ear.L.001,1.0,-0.0,0.0,-0.0
ear.L.002,1.0,-0.0,0.0,0.0
ear.L.003,1.0,0.0,-0.0,0.0
ear.L.004,1.0,-0.0,-0.0,0.0
ear.R,1.0,-0.0,-0.0,-0.0
ear.R.001,1.0,0.0,-0.0,-0.0
ear.R.002,1.0,0.0,0.0,-0.0
ear.R.003,1.0,-0.0,0.0,-0.0
ear.R.004,1.0,0.0,0.0,-0.0
lip.T.R,1.0,-0.0,0.0,-0.0
lip.T.R.001,1.0,-0.0,0.0,0.0
lip.B.R,1.0,-0.0,-0.0,0.0
lip.B.R.001,1.0,0.0,-0.0,-0.0
brow.B.L,1.0,-0.0,0.0,-0.0
brow.B.L.001,1.0,-0.0,-0.0,-0.0
brow.B.L.002,1.0,-0.0,-0.0,-0.0
brow.B.L.003,1.0,0.0,-0.0,0.0
lid.T.L,1.0,0.0,-0.0,0.0
lid.T.L.001,1.0,-0.0,0.0,-0.0
lid.T.L.002,1.0,-0.0,0.0,-0.0
lid.T.L.003,1.0,-0.0,0.0,0.0
lid.B.L,1.0,0.0,-0.0,0.0
lid.B.L.001,1.0,-0.0,-0.0,-0.0
lid.B.L.002,1.0,-0.0,-0.0,0.0
lid.B.L.003,1.0,-0.0,-0.0,-0.0
brow.B.R,1.0,0.0,-0.0,0.0
brow.B.R.001,1.0,-0.0,0.0,-0.0
brow.B.R.002,1.0,0.0,0.0,-0.0
brow.B.R.003,1.0,0.0,0.0,-0.0
lid.T.R,1.0,-0.0,-0.0,0.0
lid.T.R.001,1.0,-0.0,-0.0,0.0
lid.T.R.002,1.0,0.0,0.0,-0.0
lid.T.R.003,1.0,-0.0,-0.0,0.0
lid.B.R,1.0,-0.0,-0.0,-0.0
lid.B.R.001,1.0,0.0,0.0,0.0
lid.B.R.002,1.0,0.0,-0.0,-0.0
lid.B.R.003,1.0,-0.0,-0.0,-0.0
forehead.L,1.0,-0.0,0.0,0.0
forehead.L.001,1.0,0.0,0.0,0.0
forehead.L.002,1.0,0.0,0.0,0.0
temple.L,1.0,-0.0,0.0,-0.0
jaw.L,1.0,0.0,0.0,-0.0
jaw.L.001,1.0,-0.0,0.0,0.0
chin.L,1.0,0.0,-0.0,0.0
cheek.B.L,1.0,0.0,-0.0,0.0
cheek.B.L.001,1.0,-0.0,0.0,0.0
brow.T.L,1.0,0.0,-0.0,-0.0
brow.T.L.001,1.0,-0.0,0.0,-0.0
brow.T.L.002,1.0,0.0,0.0,0.0
brow.T.L.003,1.0,0.0,0.0,-0.0
forehead.R,1.0,0.0,0.0,0.0
forehead.R.001,1.0,0.0,0.0,0.0
forehead.R.002,1.0,0.0,-0.0,0.0
temple.R,1.0,0.0,0.0,0.0
jaw.R,1.0,0.0,-0.0,-0.0
jaw.R.001,1.0,0.0,0.0,-0.0
chin.R,1.0,0.0,-0.0,-0.0
cheek.B.R,1.0,0.0,-0.0,0.0
cheek.B.R.001,1.0,-0.0,0.0,0.0
brow.T.R,1.0,-0.0,-0.0,-0.0
brow.T.R.001,1.0,0.0,0.0,-0.0
brow.T.R.002,1.0,0.0,-0.0,-0.0
brow.T.R.003,1.0,0.0,-0.0,-0.0
eye.L,1.0,0.0,0.0,0.0
eye.R,1.0,0.0,0.0,0.0
cheek.T.L,1.0,-0.0,0.0,-0.0
cheek.T.L.001,1.0,0.0,0.0,0.0
nose.L,1.0,0.0,-0.0,0.0
nose.L.001,1.0,0.0,0.0,0.0
cheek.T.R,1.0,-0.0,-0.0,-0.0
cheek.T.R.001,1.0,0.0,0.0,0.0
nose.R,1.0,0.0,-0.0,-0.0
nose.R.001,1.0,0.0,-0.0,-0.0
teeth.T,1.0,-0.0,0.0,-0.0
teeth.B,1.0,-0.0,0.0,-0.0
tongue,1.0,0.0,0.0,-0.0
tongue.001,1.0,0.0,-0.0,-0.0
tongue.002,1.0,0.0,-0.0,0.0
shoulder.L,1.0,0.0,0.0,0.0
upper_arm.L,0.2947,0.4093,0.8528,-0.1355
forearm.L,0.8208,-0.1761,0.0423,0.5418
hand.L,0.8163,0.5469,0.1735,-0.0672
palm.01.L,0.71,-0.261,-0.5668,-0.3265
f_index.01.L,0.9936,-0.106,-0.0385,-0.0027
f_index.02.L,0.9962,-0.086,0.0146,0.0025
f_index.03.L,0.9929,-0.114,0.0078,0.0331
thumb.01.L,0.8561,-0.182,-0.4838,-0.0045
thumb.02.L,0.99,-0.1319,-0.0108,0.0493
thumb.03.L,0.9989,0.0044,-0.0299,0.0367
palm.02.L,0.7255,-0.164,-0.5781,-0.3356
f_middle.01.L,0.9811,-0.1899,-0.022,0.029
f_middle.02.L,0.9919,-0.1201,0.0385,0.0122
f_middle.03.L,0.9979,-0.0584,0.02,0.0202
palm.03.L,0.7325,-0.0789,-0.576,-0.3543
f_ring.01.L,0.964,-0.2527,0.025,0.0791
f_ring.02.L,0.9968,-0.0742,0.0209,0.0207
f_ring.03.L,0.9861,-0.1566,0.0412,0.0367
palm.04.L,0.7209,0.0102,-0.5889,-0.3653
f_pinky.01.L,0.9288,-0.3172,0.1095,0.1571
f_pinky.02.L,0.9994,-0.032,-0.0005,0.0166
f_pinky.03.L,0.9955,-0.0915,0.0201,0.0147
shoulder.R,1.0,-0.0,-0.0,-0.0
upper_arm.R,0.4868,0.3783,-0.7803,0.1053
forearm.R,0.699,-0.1644,-0.076,-0.6918
hand.R,0.6267,-0.764,-0.1191,-0.0968
palm.01.R,0.7452,0.0692,0.5868,-0.3089
f_index.01.R,0.9901,-0.0671,-0.1055,-0.064
f_index.02.R,0.9962,-0.086,-0.0146,-0.0025
f_index.03.R,0.9929,-0.1143,-0.0078,-0.0331
thumb.01.R,0.967,0.1484,0.0238,-0.2059
thumb.02.R,0.9971,0.0541,0.0465,0.0261
thumb.03.R,0.9795,0.1933,0.0541,0.0189
palm.02.R,0.7633,0.1579,0.5474,-0.3047
f_middle.01.R,0.993,-0.1115,0.0163,-0.0361
f_middle.02.R,0.9918,-0.1213,-0.0384,-0.0122
f_middle.03.R,0.9979,-0.0584,-0.02,-0.0202
palm.03.R,0.7631,0.2437,0.5252,-0.2871
f_ring.01.R,0.9443,0.3252,-0.0145,-0.049
f_ring.02.R,0.7576,0.6519,-0.0284,0.0136
f_ring.03.R,0.863,0.4979,-0.0318,-0.08
palm.04.R,0.7821,0.2887,0.4675,-0.2939
f_pinky.01.R,0.941,0.2979,-0.0731,-0.1426
f_pinky.02.R,0.7298,0.6834,-0.0105,0.0176
f_pinky.03.R,0.7121,0.6945,0.0394,-0.0948
breast.L,1.0,0.0,0.0,0.0
breast.R,1.0,0.0,0.0,0.0
pelvis.L,1.0,-0.0,0.0,0.0
pelvis.R,1.0,-0.0,-0.0,0.0
thigh.L,-0.0023,-0.003,-0.9843,-0.1763
shin.L,0.9953,-0.0898,-0.037,0.0033
foot.L,0.457,0.8887,0.0371,-0.0031
toe.L,0.9989,-0.0349,-0.032,0.0047
heel.02.L,1.0,0.0,0.0,0.0
thigh.R,0.0059,-0.0023,0.9845,0.1755
shin.R,0.9953,-0.0898,0.0367,-0.0031
foot.R,0.4573,0.8886,-0.0366,0.003
toe.R,0.9989,-0.0349,0.032,-0.0047
heel.02.R,1.0,0.0,-0.0,0.0
