motion_name,SG ASL Die 1H 2026-7-14 metarig A
pose_name,SG ASL Die 1H 2026-7-14 metarig A P3
export_date,2026-7-14
current_frame,70
frame_budget,13

bone_name,w,x,y,z
spine,0.9919,-0.1265,0.0083,-0.0006
spine.001,0.9979,0.0642,-0.0044,0.0027
spine.002,0.9969,0.0773,0.0156,0.0025
spine.003,0.9994,-0.024,-0.0224,-0.0068
spine.004,0.9799,-0.1993,-0.001,0.0009
spine.005,0.9951,0.0986,0.002,-0.0046
spine.006,0.9953,0.0966,0.003,-0.0092
face,1.0,-0.0,0.0,0.0
nose,1.0,0.0,0.0,-0.0
nose.001,1.0,-0.0,0.0,0.0
nose.002,1.0,0.0,-0.0,-0.0
nose.003,1.0,-0.0,-0.0,0.0
nose.004,1.0,0.0,-0.0,-0.0
lip.T.L,1.0,0.0,0.0,-0.0
lip.T.L.001,1.0,0.0,0.0,0.0
lip.B.L,1.0,-0.0,0.0,0.0
lip.B.L.001,1.0,0.0,0.0,0.0
jaw,1.0,-0.0,0.0,-0.0
chin,1.0,0.0,0.0,-0.0
chin.001,1.0,0.0,-0.0,0.0
ear.L,1.0,0.0,-0.0,-0.0
ear.L.001,1.0,0.0,-0.0,-0.0
ear.L.002,1.0,0.0,0.0,0.0
ear.L.003,1.0,0.0,0.0,-0.0
ear.L.004,1.0,-0.0,-0.0,0.0
ear.R,1.0,-0.0,0.0,0.0
ear.R.001,1.0,0.0,-0.0,0.0
ear.R.002,1.0,-0.0,0.0,-0.0
ear.R.003,1.0,0.0,-0.0,-0.0
ear.R.004,1.0,-0.0,0.0,0.0
lip.T.R,1.0,-0.0,-0.0,-0.0
lip.T.R.001,1.0,0.0,-0.0,-0.0
lip.B.R,1.0,0.0,-0.0,-0.0
lip.B.R.001,1.0,-0.0,-0.0,0.0
brow.B.L,1.0,0.0,0.0,0.0
brow.B.L.001,1.0,0.0,0.0,0.0
brow.B.L.002,1.0,0.0,0.0,0.0
brow.B.L.003,1.0,-0.0,0.0,0.0
lid.T.L,1.0,-0.0,-0.0,0.0
lid.T.L.001,1.0,-0.0,-0.0,0.0
lid.T.L.002,1.0,0.0,0.0,0.0
lid.T.L.003,1.0,-0.0,0.0,-0.0
lid.B.L,1.0,0.0,0.0,0.0
lid.B.L.001,1.0,0.0,0.0,-0.0
lid.B.L.002,1.0,0.0,0.0,0.0
lid.B.L.003,1.0,0.0,-0.0,-0.0
brow.B.R,1.0,-0.0,-0.0,0.0
brow.B.R.001,1.0,0.0,-0.0,0.0
brow.B.R.002,1.0,0.0,-0.0,0.0
brow.B.R.003,1.0,-0.0,-0.0,0.0
lid.T.R,1.0,-0.0,0.0,0.0
lid.T.R.001,1.0,-0.0,-0.0,-0.0
lid.T.R.002,1.0,0.0,-0.0,0.0
lid.T.R.003,1.0,-0.0,-0.0,0.0
lid.B.R,1.0,-0.0,-0.0,-0.0
lid.B.R.001,1.0,0.0,-0.0,0.0
lid.B.R.002,1.0,0.0,0.0,0.0
lid.B.R.003,1.0,0.0,-0.0,-0.0
forehead.L,1.0,0.0,0.0,0.0
forehead.L.001,1.0,0.0,-0.0,0.0
forehead.L.002,1.0,-0.0,0.0,0.0
temple.L,1.0,0.0,-0.0,0.0
jaw.L,1.0,-0.0,0.0,-0.0
jaw.L.001,1.0,0.0,0.0,0.0
chin.L,1.0,0.0,0.0,-0.0
cheek.B.L,1.0,-0.0,-0.0,-0.0
cheek.B.L.001,1.0,0.0,0.0,-0.0
brow.T.L,1.0,0.0,0.0,0.0
brow.T.L.001,1.0,-0.0,-0.0,-0.0
brow.T.L.002,1.0,0.0,0.0,-0.0
brow.T.L.003,1.0,0.0,-0.0,-0.0
forehead.R,1.0,-0.0,0.0,0.0
forehead.R.001,1.0,0.0,0.0,0.0
forehead.R.002,1.0,0.0,-0.0,0.0
temple.R,1.0,-0.0,0.0,0.0
jaw.R,1.0,-0.0,0.0,-0.0
jaw.R.001,1.0,0.0,0.0,0.0
chin.R,1.0,0.0,-0.0,-0.0
cheek.B.R,1.0,0.0,-0.0,-0.0
cheek.B.R.001,1.0,-0.0,0.0,-0.0
brow.T.R,1.0,-0.0,0.0,-0.0
brow.T.R.001,1.0,0.0,-0.0,0.0
brow.T.R.002,1.0,-0.0,-0.0,0.0
brow.T.R.003,1.0,-0.0,-0.0,0.0
eye.L,1.0,0.0,0.0,-0.0
eye.R,1.0,0.0,0.0,-0.0
cheek.T.L,1.0,-0.0,0.0,0.0
cheek.T.L.001,1.0,0.0,0.0,0.0
nose.L,1.0,0.0,-0.0,-0.0
nose.L.001,1.0,-0.0,-0.0,-0.0
cheek.T.R,1.0,-0.0,0.0,-0.0
cheek.T.R.001,1.0,-0.0,-0.0,-0.0
nose.R,1.0,-0.0,0.0,0.0
nose.R.001,1.0,0.0,-0.0,-0.0
teeth.T,1.0,-0.0,-0.0,0.0
teeth.B,1.0,-0.0,-0.0,0.0
tongue,1.0,-0.0,0.0,-0.0
tongue.001,1.0,0.0,0.0,0.0
tongue.002,1.0,0.0,-0.0,-0.0
shoulder.L,1.0,0.0,0.0,-0.0
upper_arm.L,0.2899,0.4106,0.8548,-0.1293
forearm.L,0.8196,-0.1774,0.0436,0.543
hand.L,0.8201,0.548,0.15,-0.0682
palm.01.L,0.717,-0.263,-0.5569,-0.3266
f_index.01.L,0.9936,-0.106,-0.0385,-0.0027
f_index.02.L,0.9962,-0.086,0.0146,0.0025
f_index.03.L,0.9929,-0.114,0.0078,0.0331
thumb.01.L,0.8561,-0.182,-0.4838,-0.0045
thumb.02.L,0.99,-0.1319,-0.0108,0.0493
thumb.03.L,0.9989,0.0044,-0.0299,0.0367
palm.02.L,0.7322,-0.1668,-0.5683,-0.3362
f_middle.01.L,0.9811,-0.19,-0.022,0.0294
f_middle.02.L,0.9919,-0.1201,0.0385,0.0122
f_middle.03.L,0.9979,-0.0584,0.02,0.0202
palm.03.L,0.7391,-0.0831,-0.5666,-0.3548
f_ring.01.L,0.964,-0.2527,0.025,0.0791
f_ring.02.L,0.9968,-0.0742,0.0209,0.0207
f_ring.03.L,0.9861,-0.1566,0.0412,0.0367
palm.04.L,0.7274,0.0046,-0.5802,-0.3663
f_pinky.01.L,0.9288,-0.3172,0.1095,0.1571
f_pinky.02.L,0.9993,-0.032,-0.0005,0.0166
f_pinky.03.L,0.9955,-0.0915,0.0201,0.0147
shoulder.R,1.0,-0.0,-0.0,0.0
upper_arm.R,0.6094,0.3685,-0.6993,0.0616
forearm.R,0.7029,-0.1644,-0.0784,-0.6876
hand.R,-0.3903,-0.0425,0.916,-0.0825
palm.01.R,0.9073,-0.0035,-0.4097,-0.0941
f_index.01.R,0.955,-0.0556,-0.2913,-0.0004
f_index.02.R,0.9986,-0.0469,-0.0262,0.0009
f_index.03.R,0.9941,-0.1031,-0.0081,-0.033
thumb.01.R,0.9942,0.0558,-0.0408,-0.082
thumb.02.R,0.9906,0.012,0.1364,0.0066
thumb.03.R,0.9983,0.0131,0.0374,-0.0422
palm.02.R,0.8991,-0.0153,-0.4329,-0.0635
f_middle.01.R,0.9871,-0.1425,0.0486,-0.0546
f_middle.02.R,0.9943,-0.1029,-0.0212,-0.0194
f_middle.03.R,0.9975,-0.0639,-0.0199,-0.0203
palm.03.R,0.8928,-0.0698,-0.441,-0.0595
f_ring.01.R,0.969,-0.1952,-0.1007,-0.1129
f_ring.02.R,0.9988,-0.0417,-0.0258,-0.0061
f_ring.03.R,0.9855,-0.1605,-0.0411,-0.0368
palm.04.R,0.8914,-0.1522,-0.4262,-0.0227
f_pinky.01.R,0.9554,-0.215,-0.1432,-0.1432
f_pinky.02.R,0.9998,-0.0156,-0.0099,-0.0065
f_pinky.03.R,0.9958,-0.0736,-0.0258,-0.0468
breast.L,1.0,-0.0,-0.0,0.0
breast.R,1.0,-0.0,-0.0,0.0
pelvis.L,1.0,0.0,-0.0,-0.0
pelvis.R,1.0,0.0,0.0,-0.0
thigh.L,0.01,-0.0009,-0.9843,-0.1762
shin.L,0.9953,-0.0899,-0.0367,0.0032
foot.L,0.458,0.8882,0.0368,-0.0029
toe.L,0.9989,-0.0349,-0.032,0.0047
heel.02.L,1.0,0.0,0.0,0.0
thigh.R,-0.0064,-0.0043,0.984,0.1778
shin.R,0.9953,-0.0899,0.0365,-0.0032
foot.R,0.4565,0.8889,-0.0371,0.0031
toe.R,0.9989,-0.0347,0.0324,-0.0047
heel.02.R,1.0,0.0,-0.0,0.0
