motion_name,SG ASL Diagnosis Self 2026-6-29 metarig A
pose_name,SG ASL Diagnosis Self 2026-6-29 metarig A P3
export_date,2026-6-29
current_frame,51
frame_budget,10

bone_name,w,x,y,z
spine,0.992,-0.1265,-0.0022,0.0005
spine.001,0.9979,0.065,0.001,0.0016
spine.002,0.9968,0.0777,0.0179,0.0021
spine.003,0.9995,-0.0236,-0.0204,-0.007
spine.004,0.98,-0.199,0.0003,0.0003
spine.005,0.9955,0.0942,-0.0026,0.0003
spine.006,0.996,0.0891,-0.0041,0.0016
face,1.0,-0.0,0.0,0.0
nose,1.0,-0.0,0.0,0.0
nose.001,1.0,0.0,-0.0,-0.0
nose.002,1.0,-0.0,-0.0,-0.0
nose.003,1.0,0.0,-0.0,-0.0
nose.004,1.0,0.0,-0.0,-0.0
lip.T.L,1.0,-0.0,0.0,0.0
lip.T.L.001,1.0,-0.0,-0.0,-0.0
lip.B.L,1.0,0.0,0.0,0.0
lip.B.L.001,1.0,-0.0,0.0,0.0
jaw,1.0,0.0,0.0,-0.0
chin,1.0,-0.0,-0.0,-0.0
chin.001,1.0,-0.0,0.0,0.0
ear.L,1.0,-0.0,-0.0,-0.0
ear.L.001,1.0,0.0,0.0,0.0
ear.L.002,1.0,-0.0,-0.0,0.0
ear.L.003,1.0,0.0,0.0,-0.0
ear.L.004,1.0,-0.0,-0.0,0.0
ear.R,1.0,-0.0,-0.0,0.0
ear.R.001,1.0,0.0,-0.0,0.0
ear.R.002,1.0,0.0,-0.0,0.0
ear.R.003,1.0,-0.0,0.0,0.0
ear.R.004,1.0,0.0,-0.0,-0.0
lip.T.R,1.0,0.0,-0.0,-0.0
lip.T.R.001,1.0,-0.0,0.0,-0.0
lip.B.R,1.0,-0.0,-0.0,-0.0
lip.B.R.001,1.0,0.0,-0.0,0.0
brow.B.L,1.0,0.0,-0.0,0.0
brow.B.L.001,1.0,-0.0,0.0,-0.0
brow.B.L.002,1.0,-0.0,0.0,-0.0
brow.B.L.003,1.0,-0.0,0.0,-0.0
lid.T.L,1.0,0.0,-0.0,-0.0
lid.T.L.001,1.0,-0.0,0.0,0.0
lid.T.L.002,1.0,-0.0,-0.0,-0.0
lid.T.L.003,1.0,0.0,0.0,-0.0
lid.B.L,1.0,0.0,-0.0,0.0
lid.B.L.001,1.0,0.0,0.0,-0.0
lid.B.L.002,1.0,0.0,0.0,-0.0
lid.B.L.003,1.0,-0.0,-0.0,0.0
brow.B.R,1.0,0.0,0.0,-0.0
brow.B.R.001,1.0,-0.0,-0.0,-0.0
brow.B.R.002,1.0,-0.0,-0.0,0.0
brow.B.R.003,1.0,0.0,-0.0,0.0
lid.T.R,1.0,-0.0,-0.0,-0.0
lid.T.R.001,1.0,-0.0,-0.0,-0.0
lid.T.R.002,1.0,0.0,0.0,-0.0
lid.T.R.003,1.0,-0.0,-0.0,0.0
lid.B.R,1.0,-0.0,-0.0,-0.0
lid.B.R.001,1.0,-0.0,0.0,0.0
lid.B.R.002,1.0,0.0,-0.0,-0.0
lid.B.R.003,1.0,-0.0,0.0,0.0
forehead.L,1.0,-0.0,0.0,0.0
forehead.L.001,1.0,0.0,-0.0,-0.0
forehead.L.002,1.0,-0.0,0.0,0.0
temple.L,1.0,-0.0,0.0,-0.0
jaw.L,1.0,-0.0,-0.0,0.0
jaw.L.001,1.0,-0.0,-0.0,-0.0
chin.L,1.0,-0.0,-0.0,0.0
cheek.B.L,1.0,0.0,-0.0,-0.0
cheek.B.L.001,1.0,0.0,-0.0,0.0
brow.T.L,1.0,-0.0,-0.0,-0.0
brow.T.L.001,1.0,0.0,-0.0,0.0
brow.T.L.002,1.0,-0.0,0.0,0.0
brow.T.L.003,1.0,0.0,0.0,0.0
forehead.R,1.0,0.0,-0.0,0.0
forehead.R.001,1.0,0.0,0.0,-0.0
forehead.R.002,1.0,-0.0,-0.0,-0.0
temple.R,1.0,0.0,0.0,-0.0
jaw.R,1.0,-0.0,-0.0,0.0
jaw.R.001,1.0,0.0,0.0,0.0
chin.R,1.0,0.0,0.0,-0.0
cheek.B.R,1.0,0.0,-0.0,-0.0
cheek.B.R.001,1.0,-0.0,0.0,0.0
brow.T.R,1.0,-0.0,0.0,0.0
brow.T.R.001,1.0,0.0,-0.0,-0.0
brow.T.R.002,1.0,-0.0,0.0,0.0
brow.T.R.003,1.0,-0.0,0.0,0.0
eye.L,1.0,0.0,-0.0,-0.0
eye.R,1.0,0.0,-0.0,-0.0
cheek.T.L,1.0,0.0,0.0,-0.0
cheek.T.L.001,1.0,0.0,0.0,0.0
nose.L,1.0,-0.0,-0.0,0.0
nose.L.001,1.0,-0.0,-0.0,0.0
cheek.T.R,1.0,0.0,-0.0,0.0
cheek.T.R.001,1.0,-0.0,-0.0,0.0
nose.R,1.0,0.0,-0.0,0.0
nose.R.001,1.0,-0.0,0.0,0.0
teeth.T,1.0,-0.0,-0.0,-0.0
teeth.B,1.0,-0.0,-0.0,-0.0
tongue,1.0,0.0,0.0,0.0
tongue.001,1.0,0.0,-0.0,-0.0
tongue.002,1.0,0.0,-0.0,0.0
shoulder.L,1.0,0.0,0.0,0.0
upper_arm.L,0.6158,0.0716,0.7195,-0.3131
forearm.L,0.3584,-0.1196,0.1358,0.9158
hand.L,-0.4563,0.293,-0.8186,0.1892
palm.01.L,0.7801,0.0096,0.4047,-0.477
f_index.01.L,0.9772,0.1851,0.0035,0.1037
f_index.02.L,0.965,0.2608,-0.0134,0.0241
f_index.03.L,0.957,0.2891,0.006,-0.0217
thumb.01.L,0.9734,0.1009,-0.0372,0.2025
thumb.02.L,0.9974,0.0495,-0.0437,-0.0296
thumb.03.L,0.9708,0.2269,-0.0771,0.0067
palm.02.L,0.7783,0.0008,0.3963,-0.4871
f_middle.01.L,0.9824,0.1766,0.0242,0.0566
f_middle.02.L,0.9362,0.35,0.0015,0.0308
f_middle.03.L,0.8988,0.4374,0.0273,0.0078
palm.03.L,0.7809,-0.0625,0.3978,-0.4775
f_ring.01.L,0.9223,0.3842,-0.0062,0.0411
f_ring.02.L,0.7536,0.6566,0.0285,-0.0136
f_ring.03.L,0.8127,0.5779,0.0239,0.0712
palm.04.L,0.7372,-0.1276,0.3849,-0.5405
f_pinky.01.L,0.9099,0.3714,0.1062,0.1514
f_pinky.02.L,0.6415,0.7668,0.0141,-0.0195
f_pinky.03.L,0.6415,0.7609,-0.0493,0.0847
shoulder.R,1.0,-0.0,0.0,-0.0
upper_arm.R,0.5737,0.0777,-0.7538,0.3108
forearm.R,0.3079,-0.1125,-0.1427,-0.9339
hand.R,0.0664,0.3972,0.8767,-0.2632
palm.01.R,0.8819,-0.0067,-0.1573,0.4443
f_index.01.R,0.9729,0.2191,0.0194,-0.0718
f_index.02.R,0.9138,0.4055,0.0177,-0.0172
f_index.03.R,0.9097,0.4142,-0.016,0.0261
thumb.01.R,0.9729,0.1056,0.0297,-0.2037
thumb.02.R,0.9969,0.0546,0.0493,0.0285
thumb.03.R,0.9745,0.2135,0.0685,0.0031
palm.02.R,0.8831,0.0099,-0.1471,0.4455
f_middle.01.R,0.9801,0.1958,-0.0074,-0.0311
f_middle.02.R,0.8802,0.4742,0.0041,-0.0203
f_middle.03.R,0.8236,0.5664,-0.0282,-0.0036
palm.03.R,0.8841,-0.0191,-0.1517,0.4415
f_ring.01.R,0.9351,0.3518,-0.0019,-0.0417
f_ring.02.R,0.7456,0.6656,-0.0285,0.0138
f_ring.03.R,0.8364,0.5422,-0.0275,-0.075
palm.04.R,0.8727,-0.0346,-0.1548,0.4618
f_pinky.01.R,0.9237,0.3592,-0.0504,-0.1236
f_pinky.02.R,0.6422,0.7661,-0.0138,0.0193
f_pinky.03.R,0.6364,0.7651,0.0499,-0.084
breast.L,1.0,0.0,-0.0,-0.0
breast.R,1.0,0.0,-0.0,-0.0
pelvis.L,1.0,0.0,0.0,0.0
pelvis.R,1.0,0.0,0.0,0.0
thigh.L,-0.0005,-0.0028,-0.9842,-0.1772
shin.L,0.9953,-0.0898,-0.0373,0.0033
foot.L,0.457,0.8887,0.0373,-0.0031
toe.L,0.9989,-0.0349,-0.032,0.0047
heel.02.L,1.0,-0.0,-0.0,0.0
thigh.R,0.0041,-0.0024,0.9843,0.1767
shin.R,0.9953,-0.0898,0.0363,-0.0032
foot.R,0.4572,0.8886,-0.0366,0.003
toe.R,0.9989,-0.0349,0.032,-0.0047
heel.02.R,1.0,0.0,-0.0,-0.0
