motion_name,SG ASL Dirt Alt 2026-7-28 metarig A
pose_name,SG ASL Dirt Alt 2026-7-28 metarig A P7
export_date,2026-7-28
current_frame,96
frame_budget,7

bone_name,w,x,y,z
spine,0.9919,-0.1266,0.0026,0.0009
spine.001,0.9976,0.0684,-0.0063,-0.0094
spine.002,0.9967,0.0791,0.0148,-0.003
spine.003,0.9994,-0.0221,-0.0232,-0.0121
spine.004,0.9802,-0.1978,-0.0026,-0.0027
spine.005,0.9975,0.0664,-0.0163,0.0183
spine.006,0.9982,0.0371,-0.0226,0.0404
face,1.0,-0.0,-0.0,0.0
nose,1.0,-0.0,0.0,0.0
nose.001,1.0,-0.0,-0.0,-0.0
nose.002,1.0,-0.0,-0.0,-0.0
nose.003,1.0,-0.0,-0.0,0.0
nose.004,1.0,0.0,0.0,-0.0
lip.T.L,1.0,0.0,0.0,-0.0
lip.T.L.001,1.0,0.0,-0.0,-0.0
lip.B.L,1.0,0.0,-0.0,0.0
lip.B.L.001,1.0,0.0,-0.0,0.0
jaw,1.0,0.0,0.0,-0.0
chin,1.0,0.0,-0.0,0.0
chin.001,1.0,0.0,0.0,-0.0
ear.L,1.0,-0.0,-0.0,0.0
ear.L.001,1.0,0.0,-0.0,0.0
ear.L.002,1.0,-0.0,0.0,0.0
ear.L.003,1.0,0.0,0.0,-0.0
ear.L.004,1.0,0.0,-0.0,0.0
ear.R,1.0,-0.0,-0.0,0.0
ear.R.001,1.0,-0.0,-0.0,0.0
ear.R.002,1.0,0.0,0.0,0.0
ear.R.003,1.0,-0.0,-0.0,-0.0
ear.R.004,1.0,0.0,-0.0,-0.0
lip.T.R,1.0,0.0,0.0,0.0
lip.T.R.001,1.0,0.0,-0.0,0.0
lip.B.R,1.0,0.0,0.0,0.0
lip.B.R.001,1.0,0.0,-0.0,0.0
brow.B.L,1.0,-0.0,-0.0,-0.0
brow.B.L.001,1.0,0.0,-0.0,-0.0
brow.B.L.002,1.0,0.0,-0.0,0.0
brow.B.L.003,1.0,-0.0,0.0,-0.0
lid.T.L,1.0,-0.0,0.0,0.0
lid.T.L.001,1.0,0.0,-0.0,0.0
lid.T.L.002,1.0,-0.0,0.0,-0.0
lid.T.L.003,1.0,-0.0,0.0,0.0
lid.B.L,1.0,-0.0,-0.0,0.0
lid.B.L.001,1.0,-0.0,0.0,0.0
lid.B.L.002,1.0,-0.0,0.0,-0.0
lid.B.L.003,1.0,-0.0,0.0,0.0
brow.B.R,1.0,0.0,0.0,-0.0
brow.B.R.001,1.0,-0.0,-0.0,-0.0
brow.B.R.002,1.0,-0.0,-0.0,-0.0
brow.B.R.003,1.0,0.0,-0.0,0.0
lid.T.R,1.0,0.0,-0.0,0.0
lid.T.R.001,1.0,0.0,0.0,-0.0
lid.T.R.002,1.0,0.0,-0.0,-0.0
lid.T.R.003,1.0,-0.0,0.0,-0.0
lid.B.R,1.0,0.0,-0.0,0.0
lid.B.R.001,1.0,0.0,0.0,-0.0
lid.B.R.002,1.0,0.0,0.0,0.0
lid.B.R.003,1.0,0.0,-0.0,-0.0
forehead.L,1.0,-0.0,-0.0,-0.0
forehead.L.001,1.0,-0.0,0.0,-0.0
forehead.L.002,1.0,-0.0,0.0,0.0
temple.L,1.0,0.0,0.0,-0.0
jaw.L,1.0,-0.0,-0.0,0.0
jaw.L.001,1.0,-0.0,0.0,0.0
chin.L,1.0,0.0,-0.0,0.0
cheek.B.L,1.0,0.0,-0.0,-0.0
cheek.B.L.001,1.0,-0.0,-0.0,0.0
brow.T.L,1.0,-0.0,0.0,-0.0
brow.T.L.001,1.0,0.0,-0.0,0.0
brow.T.L.002,1.0,-0.0,0.0,-0.0
brow.T.L.003,1.0,0.0,0.0,0.0
forehead.R,1.0,0.0,0.0,0.0
forehead.R.001,1.0,-0.0,-0.0,0.0
forehead.R.002,1.0,-0.0,0.0,0.0
temple.R,1.0,0.0,0.0,0.0
jaw.R,1.0,0.0,-0.0,0.0
jaw.R.001,1.0,-0.0,0.0,0.0
chin.R,1.0,-0.0,0.0,0.0
cheek.B.R,1.0,-0.0,0.0,-0.0
cheek.B.R.001,1.0,-0.0,0.0,0.0
brow.T.R,1.0,0.0,-0.0,0.0
brow.T.R.001,1.0,-0.0,-0.0,-0.0
brow.T.R.002,1.0,0.0,0.0,0.0
brow.T.R.003,1.0,-0.0,0.0,0.0
eye.L,1.0,0.0,0.0,-0.0
eye.R,1.0,0.0,0.0,-0.0
cheek.T.L,1.0,0.0,-0.0,0.0
cheek.T.L.001,1.0,0.0,-0.0,-0.0
nose.L,1.0,0.0,-0.0,-0.0
nose.L.001,1.0,-0.0,-0.0,0.0
cheek.T.R,1.0,-0.0,-0.0,-0.0
cheek.T.R.001,1.0,0.0,-0.0,-0.0
nose.R,1.0,0.0,0.0,-0.0
nose.R.001,1.0,-0.0,-0.0,-0.0
teeth.T,1.0,0.0,0.0,-0.0
teeth.B,1.0,0.0,0.0,-0.0
tongue,1.0,0.0,0.0,-0.0
tongue.001,1.0,0.0,-0.0,-0.0
tongue.002,1.0,-0.0,0.0,0.0
shoulder.L,1.0,0.0,-0.0,0.0
upper_arm.L,0.2842,0.4374,0.8432,-0.1302
forearm.L,0.8624,-0.1777,0.0279,0.4732
hand.L,0.8541,0.4682,0.226,-0.017
palm.01.L,0.715,-0.2215,-0.5937,-0.2952
f_index.01.L,0.9936,-0.106,-0.0385,-0.0027
f_index.02.L,0.9962,-0.086,0.0146,0.0025
f_index.03.L,0.9929,-0.114,0.0078,0.0331
thumb.01.L,0.8561,-0.182,-0.4838,-0.0045
thumb.02.L,0.99,-0.1319,-0.0108,0.0493
thumb.03.L,0.9989,0.0044,-0.0299,0.0367
palm.02.L,0.7305,-0.122,-0.5995,-0.3034
f_middle.01.L,0.9811,-0.1899,-0.022,0.029
f_middle.02.L,0.9919,-0.1201,0.0385,0.0122
f_middle.03.L,0.9979,-0.0584,0.02,0.0202
palm.03.L,0.738,-0.0338,-0.5915,-0.3231
f_ring.01.L,0.964,-0.2527,0.025,0.0791
f_ring.02.L,0.9968,-0.0742,0.0209,0.0207
f_ring.03.L,0.9861,-0.1566,0.0412,0.0367
palm.04.L,0.7281,0.0562,-0.5967,-0.3327
f_pinky.01.L,0.9288,-0.3172,0.1095,0.1571
f_pinky.02.L,0.9994,-0.032,-0.0005,0.0166
f_pinky.03.L,0.9955,-0.0915,0.0201,0.0147
shoulder.R,1.0,0.0,0.0,-0.0
upper_arm.R,0.6087,0.6144,-0.4008,-0.3023
forearm.R,0.3654,-0.119,-0.1302,-0.914
hand.R,0.3905,0.7206,0.5301,0.2174
palm.01.R,0.7749,-0.4109,0.1618,0.4522
f_index.01.R,0.9957,-0.07,-0.0321,-0.052
f_index.02.R,0.9962,-0.086,-0.0146,-0.0025
f_index.03.R,0.9929,-0.114,-0.0078,-0.0331
thumb.01.R,0.9377,0.0605,0.3395,-0.0423
thumb.02.R,0.9813,-0.0843,-0.1592,0.0676
thumb.03.R,0.9989,0.0044,0.0299,-0.0367
palm.02.R,0.7832,-0.3559,0.1947,0.4711
f_middle.01.R,0.979,-0.1123,-0.1475,-0.0849
f_middle.02.R,0.9919,-0.1201,-0.0385,-0.0122
f_middle.03.R,0.9979,-0.0584,-0.02,-0.0202
palm.03.R,0.7837,-0.3297,0.2248,0.4761
f_ring.01.R,0.9854,-0.0743,-0.1231,-0.0907
f_ring.02.R,0.9968,-0.0742,-0.0209,-0.0207
f_ring.03.R,0.9861,-0.1566,-0.0412,-0.0367
palm.04.R,0.766,-0.287,0.2779,0.5036
f_pinky.01.R,0.9518,-0.1671,-0.2092,-0.1497
f_pinky.02.R,0.9993,-0.032,0.0005,-0.0166
f_pinky.03.R,0.9955,-0.0915,-0.0201,-0.0147
breast.L,1.0,0.0,-0.0,-0.0
breast.R,1.0,0.0,-0.0,-0.0
pelvis.L,1.0,-0.0,-0.0,-0.0
pelvis.R,1.0,0.0,0.0,0.0
thigh.L,0.004,-0.0011,-0.9842,-0.1768
shin.L,0.9953,-0.0899,-0.0366,0.0032
foot.L,0.458,0.8882,0.0367,-0.0031
toe.L,0.9989,-0.0349,-0.032,0.0047
heel.02.L,1.0,0.0,-0.0,-0.0
thigh.R,-0.0004,-0.0041,0.9841,0.1773
shin.R,0.9953,-0.0898,0.0367,-0.0032
foot.R,0.4564,0.889,-0.0368,0.003
toe.R,0.9989,-0.0349,0.032,-0.0047
heel.02.R,1.0,0.0,-0.0,-0.0
