motion_name,SG ASL Director 2026-7-28 metarig A
pose_name,SG ASL Director 2026-7-28 metarig A P2
export_date,2026-7-28
current_frame,34
frame_budget,11

bone_name,w,x,y,z
spine,0.9918,-0.1264,-0.017,0.0013
spine.001,0.9978,0.0658,0.0003,0.0004
spine.002,0.9968,0.0775,0.0175,0.0014
spine.003,0.9995,-0.0235,-0.0207,-0.0076
spine.004,0.98,-0.1991,-0.0,0.0
spine.005,0.9953,0.0969,-0.0089,0.0017
spine.006,0.9954,0.0947,-0.0148,0.0067
face,1.0,-0.0,0.0,0.0
nose,1.0,0.0,0.0,-0.0
nose.001,1.0,-0.0,-0.0,0.0
nose.002,1.0,-0.0,-0.0,0.0
nose.003,1.0,-0.0,-0.0,0.0
nose.004,1.0,0.0,0.0,0.0
lip.T.L,1.0,-0.0,-0.0,0.0
lip.T.L.001,1.0,0.0,-0.0,-0.0
lip.B.L,1.0,0.0,0.0,0.0
lip.B.L.001,1.0,0.0,-0.0,-0.0
jaw,1.0,-0.0,0.0,0.0
chin,1.0,0.0,-0.0,0.0
chin.001,1.0,0.0,-0.0,-0.0
ear.L,1.0,-0.0,0.0,-0.0
ear.L.001,1.0,0.0,0.0,0.0
ear.L.002,1.0,-0.0,0.0,-0.0
ear.L.003,1.0,0.0,0.0,0.0
ear.L.004,1.0,-0.0,-0.0,0.0
ear.R,1.0,0.0,-0.0,0.0
ear.R.001,1.0,0.0,-0.0,0.0
ear.R.002,1.0,-0.0,0.0,0.0
ear.R.003,1.0,0.0,-0.0,-0.0
ear.R.004,1.0,0.0,0.0,-0.0
lip.T.R,1.0,-0.0,0.0,-0.0
lip.T.R.001,1.0,-0.0,-0.0,-0.0
lip.B.R,1.0,0.0,-0.0,-0.0
lip.B.R.001,1.0,-0.0,-0.0,0.0
brow.B.L,1.0,-0.0,-0.0,-0.0
brow.B.L.001,1.0,-0.0,0.0,0.0
brow.B.L.002,1.0,-0.0,-0.0,-0.0
brow.B.L.003,1.0,0.0,0.0,0.0
lid.T.L,1.0,0.0,0.0,0.0
lid.T.L.001,1.0,-0.0,0.0,-0.0
lid.T.L.002,1.0,-0.0,0.0,-0.0
lid.T.L.003,1.0,0.0,0.0,0.0
lid.B.L,1.0,0.0,-0.0,-0.0
lid.B.L.001,1.0,-0.0,0.0,0.0
lid.B.L.002,1.0,-0.0,-0.0,0.0
lid.B.L.003,1.0,-0.0,0.0,0.0
brow.B.R,1.0,-0.0,-0.0,-0.0
brow.B.R.001,1.0,0.0,0.0,0.0
brow.B.R.002,1.0,-0.0,-0.0,0.0
brow.B.R.003,1.0,0.0,-0.0,-0.0
lid.T.R,1.0,0.0,-0.0,-0.0
lid.T.R.001,1.0,-0.0,0.0,0.0
lid.T.R.002,1.0,-0.0,0.0,-0.0
lid.T.R.003,1.0,0.0,0.0,0.0
lid.B.R,1.0,0.0,-0.0,-0.0
lid.B.R.001,1.0,0.0,-0.0,0.0
lid.B.R.002,1.0,-0.0,0.0,0.0
lid.B.R.003,1.0,-0.0,-0.0,-0.0
forehead.L,1.0,0.0,0.0,0.0
forehead.L.001,1.0,-0.0,0.0,-0.0
forehead.L.002,1.0,-0.0,0.0,-0.0
temple.L,1.0,-0.0,0.0,-0.0
jaw.L,1.0,0.0,-0.0,-0.0
jaw.L.001,1.0,0.0,0.0,0.0
chin.L,1.0,0.0,-0.0,0.0
cheek.B.L,1.0,0.0,0.0,-0.0
cheek.B.L.001,1.0,0.0,0.0,-0.0
brow.T.L,1.0,0.0,0.0,0.0
brow.T.L.001,1.0,-0.0,0.0,0.0
brow.T.L.002,1.0,0.0,0.0,0.0
brow.T.L.003,1.0,-0.0,0.0,-0.0
forehead.R,1.0,0.0,-0.0,-0.0
forehead.R.001,1.0,0.0,-0.0,-0.0
forehead.R.002,1.0,-0.0,0.0,-0.0
temple.R,1.0,0.0,-0.0,-0.0
jaw.R,1.0,-0.0,0.0,-0.0
jaw.R.001,1.0,-0.0,0.0,0.0
chin.R,1.0,-0.0,-0.0,-0.0
cheek.B.R,1.0,-0.0,0.0,-0.0
cheek.B.R.001,1.0,0.0,-0.0,0.0
brow.T.R,1.0,0.0,0.0,-0.0
brow.T.R.001,1.0,0.0,-0.0,-0.0
brow.T.R.002,1.0,-0.0,-0.0,0.0
brow.T.R.003,1.0,-0.0,-0.0,0.0
eye.L,1.0,-0.0,-0.0,-0.0
eye.R,1.0,-0.0,-0.0,-0.0
cheek.T.L,1.0,-0.0,0.0,0.0
cheek.T.L.001,1.0,0.0,0.0,-0.0
nose.L,1.0,0.0,-0.0,-0.0
nose.L.001,1.0,0.0,-0.0,0.0
cheek.T.R,1.0,0.0,-0.0,0.0
cheek.T.R.001,1.0,0.0,-0.0,0.0
nose.R,1.0,0.0,-0.0,-0.0
nose.R.001,1.0,-0.0,-0.0,0.0
teeth.T,1.0,0.0,0.0,-0.0
teeth.B,1.0,0.0,0.0,-0.0
tongue,1.0,0.0,-0.0,-0.0
tongue.001,1.0,-0.0,0.0,0.0
tongue.002,1.0,-0.0,0.0,-0.0
shoulder.L,1.0,-0.0,0.0,-0.0
upper_arm.L,0.3777,0.5285,0.757,-0.0705
forearm.L,0.6372,-0.1562,0.0874,0.7496
hand.L,0.8863,-0.1768,-0.2644,0.3367
palm.01.L,0.912,0.0696,-0.4022,-0.0407
f_index.01.L,0.9949,-0.0894,-0.0453,-0.0068
f_index.02.L,0.8606,0.509,0.0137,-0.0067
f_index.03.L,0.8761,0.4809,0.026,0.0225
thumb.01.L,0.9427,0.1093,0.0399,0.3127
thumb.02.L,0.9977,-0.0187,-0.0488,-0.042
thumb.03.L,0.9815,0.1736,-0.0391,-0.0702
palm.02.L,0.9192,0.1516,-0.3586,-0.0595
f_middle.01.L,0.8466,0.5277,-0.0594,0.034
f_middle.02.L,0.8242,0.5659,0.0203,-0.0055
f_middle.03.L,0.785,0.6187,-0.0026,-0.0322
palm.03.L,0.9149,0.1987,-0.3449,-0.0667
f_ring.01.L,0.8936,0.4477,0.0021,0.0327
f_ring.02.L,0.7631,0.6456,0.0283,-0.0126
f_ring.03.L,0.8651,0.4942,0.0327,0.0796
palm.04.L,0.9196,0.2471,-0.2833,-0.1138
f_pinky.01.L,0.8954,0.3998,0.1194,0.1553
f_pinky.02.L,0.789,0.6141,0.0115,-0.0154
f_pinky.03.L,0.7194,0.6872,-0.0384,0.0934
shoulder.R,1.0,-0.0,-0.0,0.0
upper_arm.R,0.5344,0.5143,-0.6702,-0.0274
forearm.R,0.7403,-0.1672,-0.0668,-0.6478
hand.R,0.6705,-0.4793,0.5325,-0.1928
palm.01.R,0.9455,0.0729,0.2642,-0.1758
f_index.01.R,0.9949,-0.0901,0.0453,0.007
f_index.02.R,0.8606,0.509,-0.0137,0.0067
f_index.03.R,0.8761,0.4809,-0.026,-0.0225
thumb.01.R,0.9429,0.1095,-0.0396,-0.3121
thumb.02.R,0.9977,-0.0187,0.0488,0.042
thumb.03.R,0.9815,0.1736,0.0391,0.0702
palm.02.R,0.9551,0.1352,0.2151,-0.1525
f_middle.01.R,0.8471,0.5271,0.0585,-0.034
f_middle.02.R,0.8242,0.5659,-0.0203,0.0055
f_middle.03.R,0.785,0.6187,0.0026,0.0322
palm.03.R,0.9509,0.1745,0.2079,-0.1489
f_ring.01.R,0.894,0.447,-0.003,-0.0325
f_ring.02.R,0.7631,0.6456,-0.0283,0.0126
f_ring.03.R,0.8651,0.4942,-0.0327,-0.0796
palm.04.R,0.9606,0.1769,0.1594,-0.1431
f_pinky.01.R,0.907,0.3923,-0.076,-0.1329
f_pinky.02.R,0.789,0.6141,-0.0115,0.0154
f_pinky.03.R,0.7194,0.6872,0.0384,-0.0934
breast.L,1.0,-0.0,-0.0,-0.0
breast.R,1.0,-0.0,-0.0,-0.0
pelvis.L,1.0,-0.0,0.0,0.0
pelvis.R,1.0,-0.0,0.0,-0.0
thigh.L,-0.015,-0.0061,-0.9838,-0.1786
shin.L,0.9953,-0.09,-0.0366,0.0032
foot.L,0.4554,0.8895,0.0374,-0.0033
toe.L,0.9989,-0.0349,-0.032,0.0047
heel.02.L,1.0,0.0,0.0,0.0
thigh.R,0.0185,0.0008,0.9844,0.1751
shin.R,0.9953,-0.0898,0.0363,-0.0032
foot.R,0.4589,0.8878,-0.0355,0.0028
toe.R,0.9989,-0.0351,0.031,-0.0047
heel.02.R,1.0,-0.0,0.0,0.0
