motion_name,SG ASL Digest 2026-7-22 metarig A
pose_name,SG ASL Digest 2026-7-22 metarig A P4
export_date,2026-7-22
current_frame,61
frame_budget,7

bone_name,w,x,y,z
spine,0.9921,-0.1258,-0.0,-0.0
spine.001,0.9978,0.0662,-0.0008,0.0003
spine.002,0.9968,0.0783,0.0173,0.0006
spine.003,0.9995,-0.0231,-0.0207,-0.0082
spine.004,0.9801,-0.1986,-0.0001,0.0
spine.005,0.9953,0.0964,-0.0028,0.0007
spine.006,0.9958,0.0913,-0.0041,0.0025
face,1.0,0.0,-0.0,0.0
nose,1.0,-0.0,0.0,-0.0
nose.001,1.0,0.0,0.0,-0.0
nose.002,1.0,0.0,-0.0,-0.0
nose.003,1.0,0.0,0.0,-0.0
nose.004,1.0,-0.0,-0.0,-0.0
lip.T.L,1.0,-0.0,-0.0,0.0
lip.T.L.001,1.0,0.0,-0.0,0.0
lip.B.L,1.0,0.0,0.0,-0.0
lip.B.L.001,1.0,0.0,0.0,0.0
jaw,1.0,0.0,0.0,-0.0
chin,1.0,-0.0,-0.0,0.0
chin.001,1.0,0.0,0.0,0.0
ear.L,1.0,0.0,-0.0,-0.0
ear.L.001,1.0,0.0,0.0,-0.0
ear.L.002,1.0,-0.0,-0.0,0.0
ear.L.003,1.0,-0.0,-0.0,0.0
ear.L.004,1.0,-0.0,0.0,0.0
ear.R,1.0,-0.0,-0.0,0.0
ear.R.001,1.0,0.0,-0.0,0.0
ear.R.002,1.0,-0.0,-0.0,-0.0
ear.R.003,1.0,0.0,-0.0,-0.0
ear.R.004,1.0,-0.0,-0.0,-0.0
lip.T.R,1.0,0.0,-0.0,-0.0
lip.T.R.001,1.0,-0.0,0.0,-0.0
lip.B.R,1.0,-0.0,0.0,-0.0
lip.B.R.001,1.0,-0.0,0.0,-0.0
brow.B.L,1.0,-0.0,0.0,0.0
brow.B.L.001,1.0,0.0,-0.0,-0.0
brow.B.L.002,1.0,0.0,-0.0,-0.0
brow.B.L.003,1.0,0.0,0.0,0.0
lid.T.L,1.0,-0.0,-0.0,0.0
lid.T.L.001,1.0,-0.0,-0.0,0.0
lid.T.L.002,1.0,-0.0,-0.0,0.0
lid.T.L.003,1.0,0.0,-0.0,-0.0
lid.B.L,1.0,-0.0,0.0,0.0
lid.B.L.001,1.0,0.0,0.0,-0.0
lid.B.L.002,1.0,-0.0,-0.0,0.0
lid.B.L.003,1.0,0.0,0.0,0.0
brow.B.R,1.0,-0.0,0.0,-0.0
brow.B.R.001,1.0,0.0,0.0,0.0
brow.B.R.002,1.0,-0.0,0.0,-0.0
brow.B.R.003,1.0,0.0,-0.0,-0.0
lid.T.R,1.0,0.0,-0.0,-0.0
lid.T.R.001,1.0,-0.0,0.0,0.0
lid.T.R.002,1.0,0.0,-0.0,-0.0
lid.T.R.003,1.0,0.0,0.0,0.0
lid.B.R,1.0,-0.0,0.0,0.0
lid.B.R.001,1.0,-0.0,-0.0,0.0
lid.B.R.002,1.0,-0.0,-0.0,0.0
lid.B.R.003,1.0,0.0,0.0,0.0
forehead.L,1.0,0.0,0.0,0.0
forehead.L.001,1.0,0.0,0.0,-0.0
forehead.L.002,1.0,-0.0,-0.0,0.0
temple.L,1.0,0.0,0.0,0.0
jaw.L,1.0,-0.0,0.0,0.0
jaw.L.001,1.0,0.0,-0.0,-0.0
chin.L,1.0,-0.0,0.0,0.0
cheek.B.L,1.0,-0.0,-0.0,-0.0
cheek.B.L.001,1.0,-0.0,-0.0,-0.0
brow.T.L,1.0,0.0,0.0,0.0
brow.T.L.001,1.0,-0.0,-0.0,-0.0
brow.T.L.002,1.0,-0.0,0.0,-0.0
brow.T.L.003,1.0,-0.0,0.0,0.0
forehead.R,1.0,0.0,-0.0,-0.0
forehead.R.001,1.0,0.0,-0.0,-0.0
forehead.R.002,1.0,0.0,0.0,-0.0
temple.R,1.0,-0.0,0.0,0.0
jaw.R,1.0,0.0,-0.0,-0.0
jaw.R.001,1.0,-0.0,0.0,-0.0
chin.R,1.0,0.0,-0.0,0.0
cheek.B.R,1.0,0.0,0.0,0.0
cheek.B.R.001,1.0,-0.0,-0.0,-0.0
brow.T.R,1.0,0.0,0.0,0.0
brow.T.R.001,1.0,-0.0,-0.0,0.0
brow.T.R.002,1.0,0.0,0.0,-0.0
brow.T.R.003,1.0,0.0,0.0,0.0
eye.L,1.0,0.0,-0.0,-0.0
eye.R,1.0,0.0,-0.0,-0.0
cheek.T.L,1.0,-0.0,-0.0,-0.0
cheek.T.L.001,1.0,0.0,-0.0,-0.0
nose.L,1.0,-0.0,-0.0,-0.0
nose.L.001,1.0,-0.0,0.0,-0.0
cheek.T.R,1.0,0.0,0.0,0.0
cheek.T.R.001,1.0,0.0,-0.0,0.0
nose.R,1.0,0.0,-0.0,-0.0
nose.R.001,1.0,0.0,0.0,0.0
teeth.T,1.0,-0.0,-0.0,0.0
teeth.B,1.0,-0.0,-0.0,0.0
tongue,1.0,-0.0,-0.0,0.0
tongue.001,1.0,-0.0,-0.0,0.0
tongue.002,1.0,0.0,-0.0,0.0
shoulder.L,1.0,-0.0,-0.0,-0.0
upper_arm.L,0.3526,0.5428,0.7519,0.1249
forearm.L,0.7846,-0.1735,0.0532,0.5929
hand.L,-0.6042,-0.0359,-0.7884,0.1102
palm.01.L,0.8216,0.0632,0.5581,0.097
f_index.01.L,0.8123,0.5716,-0.017,0.1144
f_index.02.L,0.8399,0.5414,-0.0364,-0.0083
f_index.03.L,0.8672,0.4929,0.0489,0.0509
thumb.01.L,0.9476,-0.0731,-0.0293,0.3096
thumb.02.L,0.982,0.1859,-0.0239,0.0248
thumb.03.L,0.9454,0.3116,-0.0569,0.0768
palm.02.L,0.8328,0.0777,0.5365,0.1121
f_middle.01.L,0.8666,0.4969,-0.0203,0.0401
f_middle.02.L,0.7876,0.6161,0.0057,-0.006
f_middle.03.L,0.8498,0.5243,0.0229,0.049
palm.03.L,0.8356,0.0215,0.5348,0.1237
f_ring.01.L,0.9241,0.379,0.0357,0.0319
f_ring.02.L,0.7896,0.6129,0.0284,-0.0097
f_ring.03.L,0.8407,0.5364,0.0295,0.0687
palm.04.L,0.8306,-0.1029,0.5444,0.0559
f_pinky.01.L,0.9216,0.3566,0.1355,0.0716
f_pinky.02.L,0.7507,0.6605,0.011,0.011
f_pinky.03.L,0.8506,0.5197,0.0725,0.0336
shoulder.R,1.0,0.0,0.0,0.0
upper_arm.R,0.4332,0.5468,-0.7063,-0.12
forearm.R,0.7441,-0.154,-0.0723,-0.6461
hand.R,0.7083,-0.2004,-0.4711,0.4859
palm.01.R,0.6883,-0.2646,0.675,-0.0239
f_index.01.R,0.7259,0.6694,-0.0076,-0.1578
f_index.02.R,0.8154,0.5767,0.0479,0.0121
f_index.03.R,0.8247,0.5602,-0.0545,-0.0562
thumb.01.R,0.965,-0.0239,0.0476,-0.2567
thumb.02.R,0.9717,0.2337,-0.0035,-0.0332
thumb.03.R,0.9245,0.3696,0.0418,-0.0829
palm.02.R,0.664,-0.2089,0.712,-0.0926
f_middle.01.R,0.8228,0.5656,0.0042,-0.0552
f_middle.02.R,0.7684,0.6399,0.0029,0.0055
f_middle.03.R,0.8158,0.5751,-0.0208,-0.0576
palm.03.R,0.6562,-0.1114,0.7406,-0.0924
f_ring.01.R,0.8743,0.4783,-0.0704,-0.0421
f_ring.02.R,0.742,0.6696,-0.0287,0.0147
f_ring.03.R,0.7657,0.6384,-0.0221,-0.0751
palm.04.R,0.673,-0.0229,0.7335,-0.0921
f_pinky.01.R,0.8804,0.4563,-0.1211,-0.0438
f_pinky.02.R,0.6871,0.7264,-0.0119,-0.0106
f_pinky.03.R,0.8005,0.5923,-0.0811,-0.0412
breast.L,1.0,-0.0,0.0,0.0
breast.R,1.0,-0.0,0.0,0.0
pelvis.L,1.0,-0.0,-0.0,-0.0
pelvis.R,1.0,-0.0,0.0,0.0
thigh.L,0.0021,-0.0025,-0.9843,-0.1762
shin.L,0.9953,-0.0898,-0.0369,0.0033
foot.L,0.4572,0.8886,0.0372,-0.003
toe.L,0.9989,-0.0349,-0.032,0.0047
heel.02.L,1.0,0.0,-0.0,-0.0
thigh.R,0.0015,-0.0027,0.9843,0.1763
shin.R,0.9953,-0.0898,0.0364,-0.0032
foot.R,0.4571,0.8887,-0.037,0.0031
toe.R,0.9989,-0.0349,0.032,-0.0047
heel.02.R,1.0,0.0,-0.0,0.0
